user_id,signup_date,last_active_date,feature_used,session_count,plan_type,country,churned
U1000,2025-04-07,2025-04-07,Feature A,4,Free,DE,No
U1001,2025-04-04,2025-04-22,Feature B,3,Basic,US,No
U1002,2025-04-13,2025-04-25,Feature A,5,Pro,IN,Yes
U1003,2025-04-15,2025-04-27,Feature C,8,Free,US,No
U1004,2025-04-11,2025-04-14,Feature C,4,Pro,DE,No
U1005,2025-04-08,2025-05-07,Feature A,3,Basic,DE,No
U1006,2025-04-13,2025-04-13,Feature A,8,Pro,US,Yes
U1007,2025-04-05,2025-04-21,Feature C,6,Free,US,No
U1008,2025-04-07,2025-04-14,Feature A,8,Basic,US,No
U1009,2025-04-10,2025-04-11,Feature C,3,Basic,IN,No
U1010,2025-04-03,2025-04-30,Feature C,3,Free,DE,Yes
U1011,2025-04-07,2025-04-14,Feature C,5,Basic,UK,Yes
U1012,2025-04-11,2025-04-17,Feature C,11,Free,IN,No
U1013,2025-04-11,2025-05-06,Feature B,7,Pro,DE,No
U1014,2025-04-08,2025-05-03,Feature B,4,Free,CA,No
U1015,2025-04-05,2025-04-06,Feature C,3,Free,DE,Yes
U1016,2025-04-04,2025-04-25,Feature A,8,Pro,UK,No
U1017,2025-04-08,2025-04-29,Feature A,8,Basic,US,No
U1018,2025-04-08,2025-04-10,Feature A,3,Basic,DE,Yes
U1019,2025-04-03,2025-04-29,Feature A,3,Basic,US,No
U1020,2025-04-06,2025-04-23,Feature C,6,Basic,US,No
U1021,2025-04-05,2025-04-16,Feature A,2,Free,CA,No
U1022,2025-04-02,2025-04-02,Feature A,7,Basic,IN,Yes
U1023,2025-04-08,2025-04-29,Feature C,5,Pro,DE,No
U1024,2025-04-12,2025-04-23,Feature A,5,Pro,CA,Yes
U1025,2025-04-14,2025-04-18,Feature B,6,Free,IN,No
U1026,2025-04-06,2025-05-05,Feature A,1,Pro,DE,Yes
U1027,2025-04-02,2025-05-01,Feature A,10,Pro,IN,No
U1028,2025-04-12,2025-05-08,Feature C,2,Pro,UK,No
U1029,2025-04-05,2025-04-29,Feature B,5,Basic,UK,No
U1030,2025-04-01,2025-04-17,Feature C,4,Basic,CA,No
U1031,2025-04-12,2025-04-27,Feature C,5,Free,IN,No
U1032,2025-04-10,2025-04-24,Feature A,4,Basic,DE,No
U1033,2025-04-06,2025-04-28,Feature C,5,Basic,IN,No
U1034,2025-04-13,2025-04-27,Feature B,6,Basic,DE,No
U1035,2025-04-12,2025-04-16,Feature B,1,Basic,US,No
U1036,2025-04-09,2025-04-29,Feature B,3,Pro,CA,No
U1037,2025-04-01,2025-04-14,Feature C,2,Free,IN,No
U1038,2025-04-11,2025-04-12,Feature B,5,Basic,DE,No
U1039,2025-04-11,2025-04-21,Feature B,4,Basic,DE,No
U1040,2025-04-15,2025-05-03,Feature A,7,Pro,US,No
U1041,2025-04-10,2025-04-16,Feature A,7,Basic,US,Yes
U1042,2025-04-12,2025-04-17,Feature B,2,Pro,US,Yes
U1043,2025-04-12,2025-05-09,Feature A,6,Free,US,Yes
U1044,2025-04-15,2025-04-16,Feature B,7,Free,DE,No
U1045,2025-04-14,2025-04-19,Feature A,2,Pro,US,No
U1046,2025-04-14,2025-05-01,Feature B,7,Pro,CA,No
U1047,2025-04-15,2025-04-16,Feature C,5,Basic,US,Yes
U1048,2025-04-14,2025-05-01,Feature A,7,Free,DE,Yes
U1049,2025-04-03,2025-05-02,Feature B,6,Free,UK,No
U1050,2025-04-12,2025-04-26,Feature A,5,Pro,US,No
U1051,2025-04-07,2025-05-03,Feature C,6,Free,UK,No
U1052,2025-04-04,2025-04-22,Feature B,5,Basic,UK,No
U1053,2025-04-09,2025-04-10,Feature C,4,Pro,CA,No
U1054,2025-04-03,2025-04-22,Feature B,7,Pro,UK,No
U1055,2025-04-05,2025-04-29,Feature B,1,Basic,DE,No
U1056,2025-04-03,2025-04-08,Feature B,8,Basic,DE,No
U1057,2025-04-07,2025-04-07,Feature B,4,Free,UK,Yes
U1058,2025-04-05,2025-04-28,Feature A,5,Free,IN,No
U1059,2025-04-09,2025-04-23,Feature B,3,Pro,US,No
U1060,2025-04-07,2025-05-04,Feature C,7,Basic,US,No
U1061,2025-04-02,2025-05-01,Feature B,2,Pro,US,No
U1062,2025-04-04,2025-04-26,Feature A,5,Free,US,No
U1063,2025-04-09,2025-04-18,Feature C,10,Basic,DE,No
U1064,2025-04-12,2025-04-30,Feature C,7,Basic,UK,Yes
U1065,2025-04-14,2025-04-30,Feature C,7,Free,CA,Yes
U1066,2025-04-02,2025-04-06,Feature A,10,Basic,CA,Yes
U1067,2025-04-10,2025-05-08,Feature C,1,Free,CA,Yes
U1068,2025-04-09,2025-04-12,Feature B,5,Basic,DE,No
U1069,2025-04-10,2025-04-19,Feature A,3,Free,CA,No
U1070,2025-04-05,2025-04-28,Feature A,8,Pro,UK,Yes
U1071,2025-04-02,2025-04-18,Feature C,7,Basic,US,Yes
U1072,2025-04-04,2025-04-13,Feature C,3,Basic,DE,No
U1073,2025-04-12,2025-04-28,Feature C,1,Free,CA,No
U1074,2025-04-15,2025-05-12,Feature B,5,Basic,UK,No
U1075,2025-04-12,2025-05-01,Feature A,3,Free,UK,No
U1076,2025-04-07,2025-04-30,Feature C,6,Basic,IN,Yes
U1077,2025-04-12,2025-04-16,Feature C,3,Free,DE,No
U1078,2025-04-13,2025-04-14,Feature A,4,Basic,IN,No
U1079,2025-04-08,2025-04-13,Feature C,5,Basic,DE,No
U1080,2025-04-15,2025-05-05,Feature B,8,Free,US,No
U1081,2025-04-03,2025-04-04,Feature C,7,Pro,UK,No
U1082,2025-04-14,2025-04-26,Feature A,5,Free,US,No
U1083,2025-04-01,2025-04-30,Feature A,4,Basic,US,No
U1084,2025-04-04,2025-04-14,Feature B,6,Free,US,Yes
U1085,2025-04-02,2025-04-12,Feature C,8,Basic,CA,Yes
U1086,2025-04-08,2025-04-23,Feature B,4,Basic,IN,No
U1087,2025-04-04,2025-04-14,Feature C,3,Free,US,Yes
U1088,2025-04-02,2025-04-20,Feature A,2,Basic,CA,No
U1089,2025-04-14,2025-04-28,Feature C,3,Free,UK,No
U1090,2025-04-06,2025-04-30,Feature B,9,Free,UK,Yes
U1091,2025-04-06,2025-04-28,Feature B,5,Free,US,No
U1092,2025-04-10,2025-05-02,Feature B,4,Free,CA,No
U1093,2025-04-04,2025-04-19,Feature A,7,Pro,IN,No
U1094,2025-04-06,2025-04-16,Feature A,8,Free,DE,No
U1095,2025-04-13,2025-05-04,Feature B,4,Basic,DE,Yes
U1096,2025-04-15,2025-04-30,Feature C,4,Pro,IN,No
U1097,2025-04-02,2025-04-09,Feature C,8,Pro,CA,No
U1098,2025-04-10,2025-04-13,Feature B,5,Free,US,No
U1099,2025-04-12,2025-04-19,Feature C,5,Free,UK,No
U1100,2025-04-02,2025-04-05,Feature B,6,Free,CA,No
U1101,2025-04-10,2025-05-03,Feature C,7,Free,DE,No
U1102,2025-04-14,2025-05-08,Feature C,2,Free,US,No
U1103,2025-04-04,2025-04-06,Feature A,1,Pro,US,Yes
U1104,2025-04-14,2025-04-16,Feature A,7,Free,IN,No
U1105,2025-04-15,2025-05-11,Feature A,5,Free,US,Yes
U1106,2025-04-15,2025-05-13,Feature A,4,Basic,CA,Yes
U1107,2025-04-08,2025-04-25,Feature C,4,Basic,IN,No
U1108,2025-04-14,2025-05-12,Feature C,3,Pro,DE,Yes
U1109,2025-04-07,2025-05-02,Feature A,8,Basic,IN,No
U1110,2025-04-12,2025-04-30,Feature C,7,Free,UK,No
U1111,2025-04-09,2025-04-27,Feature B,1,Free,IN,Yes
U1112,2025-04-14,2025-05-04,Feature C,2,Basic,UK,No
U1113,2025-04-08,2025-04-12,Feature B,4,Pro,IN,No
U1114,2025-04-05,2025-04-22,Feature C,6,Free,DE,No
U1115,2025-04-13,2025-05-10,Feature C,4,Basic,IN,No
U1116,2025-04-02,2025-04-11,Feature B,6,Basic,CA,No
U1117,2025-04-15,2025-05-13,Feature B,8,Pro,DE,No
U1118,2025-04-05,2025-04-26,Feature A,7,Free,DE,No
U1119,2025-04-08,2025-04-28,Feature A,5,Basic,CA,No
U1120,2025-04-10,2025-04-15,Feature C,2,Basic,US,No
U1121,2025-04-09,2025-04-09,Feature C,1,Basic,DE,No
U1122,2025-04-12,2025-04-16,Feature B,7,Pro,CA,Yes
U1123,2025-04-12,2025-04-20,Feature A,4,Pro,CA,No
U1124,2025-04-12,2025-04-23,Feature B,1,Free,CA,No
U1125,2025-04-13,2025-05-08,Feature B,6,Free,CA,No
U1126,2025-04-09,2025-04-22,Feature A,5,Pro,IN,No
U1127,2025-04-13,2025-04-14,Feature C,8,Free,CA,No
U1128,2025-04-15,2025-05-01,Feature A,5,Basic,DE,No
U1129,2025-04-13,2025-04-26,Feature A,4,Basic,UK,No
U1130,2025-04-01,2025-04-26,Feature A,10,Pro,UK,No
U1131,2025-04-09,2025-04-21,Feature C,7,Free,CA,No
U1132,2025-04-07,2025-05-03,Feature A,4,Basic,IN,No
U1133,2025-04-09,2025-04-17,Feature C,8,Basic,CA,No
U1134,2025-04-08,2025-05-03,Feature A,5,Basic,DE,No
U1135,2025-04-01,2025-04-25,Feature C,5,Free,CA,No
U1136,2025-04-12,2025-04-26,Feature A,5,Free,US,No
U1137,2025-04-08,2025-05-02,Feature C,2,Basic,CA,No
U1138,2025-04-08,2025-04-29,Feature C,3,Basic,US,Yes
U1139,2025-04-15,2025-04-29,Feature C,4,Basic,DE,No
U1140,2025-04-11,2025-05-04,Feature A,9,Free,DE,No
U1141,2025-04-03,2025-05-02,Feature B,0,Pro,US,Yes
U1142,2025-04-01,2025-04-11,Feature C,5,Basic,CA,No
U1143,2025-04-08,2025-04-23,Feature A,5,Free,UK,No
U1144,2025-04-03,2025-05-01,Feature A,5,Free,DE,No
U1145,2025-04-03,2025-04-19,Feature A,5,Free,US,Yes
U1146,2025-04-01,2025-04-26,Feature C,4,Pro,US,No
U1147,2025-04-11,2025-04-14,Feature A,9,Pro,CA,No
U1148,2025-04-05,2025-04-05,Feature A,6,Free,IN,Yes
U1149,2025-04-10,2025-04-17,Feature A,2,Basic,CA,No
U1150,2025-04-07,2025-04-23,Feature C,6,Pro,UK,No
U1151,2025-04-10,2025-04-12,Feature C,6,Basic,DE,No
U1152,2025-04-09,2025-05-07,Feature A,6,Free,IN,No
U1153,2025-04-12,2025-05-01,Feature B,5,Free,IN,No
U1154,2025-04-07,2025-04-21,Feature C,2,Basic,CA,No
U1155,2025-04-09,2025-04-23,Feature A,5,Basic,DE,No
U1156,2025-04-08,2025-05-01,Feature B,3,Basic,CA,Yes
U1157,2025-04-12,2025-05-03,Feature B,3,Free,IN,Yes
U1158,2025-04-02,2025-04-15,Feature A,3,Basic,CA,No
U1159,2025-04-01,2025-04-26,Feature A,6,Free,IN,No
U1160,2025-04-07,2025-05-04,Feature C,6,Basic,CA,Yes
U1161,2025-04-07,2025-04-29,Feature B,4,Basic,UK,No
U1162,2025-04-14,2025-04-27,Feature B,5,Free,US,No
U1163,2025-04-08,2025-05-01,Feature B,5,Free,IN,No
U1164,2025-04-05,2025-04-06,Feature A,7,Pro,US,No
U1165,2025-04-03,2025-04-15,Feature B,5,Pro,DE,No
U1166,2025-04-12,2025-05-07,Feature B,3,Pro,CA,No
U1167,2025-04-08,2025-04-21,Feature A,4,Free,CA,Yes
U1168,2025-04-06,2025-05-02,Feature B,7,Basic,CA,Yes
U1169,2025-04-11,2025-05-04,Feature C,5,Free,IN,No
U1170,2025-04-03,2025-04-21,Feature C,7,Basic,US,No
U1171,2025-04-01,2025-04-07,Feature A,8,Pro,DE,No
U1172,2025-04-03,2025-04-05,Feature C,7,Basic,CA,No
U1173,2025-04-05,2025-04-19,Feature B,5,Free,DE,Yes
U1174,2025-04-15,2025-05-07,Feature A,8,Basic,UK,No
U1175,2025-04-14,2025-04-27,Feature C,4,Basic,US,No
U1176,2025-04-03,2025-04-13,Feature A,6,Free,CA,No
U1177,2025-04-01,2025-04-15,Feature B,8,Basic,CA,No
U1178,2025-04-05,2025-05-02,Feature C,6,Free,DE,No
U1179,2025-04-10,2025-04-22,Feature C,3,Pro,DE,Yes
U1180,2025-04-07,2025-04-24,Feature A,8,Basic,CA,No
U1181,2025-04-15,2025-05-10,Feature A,4,Free,UK,No
U1182,2025-04-14,2025-04-19,Feature A,7,Basic,DE,No
U1183,2025-04-07,2025-04-09,Feature A,2,Pro,DE,No
U1184,2025-04-11,2025-04-29,Feature A,10,Pro,UK,No
U1185,2025-04-09,2025-04-23,Feature C,6,Basic,IN,No
U1186,2025-04-15,2025-05-09,Feature A,4,Pro,DE,No
U1187,2025-04-15,2025-05-07,Feature C,5,Free,US,No
U1188,2025-04-10,2025-04-14,Feature C,6,Pro,UK,No
U1189,2025-04-10,2025-05-07,Feature A,4,Pro,UK,Yes
U1190,2025-04-12,2025-04-21,Feature B,5,Free,IN,No
U1191,2025-04-13,2025-04-19,Feature C,6,Free,IN,No
U1192,2025-04-03,2025-04-27,Feature A,3,Basic,US,No
U1193,2025-04-15,2025-05-01,Feature C,7,Free,CA,No
U1194,2025-04-07,2025-04-13,Feature C,7,Free,IN,No
U1195,2025-04-01,2025-04-22,Feature B,8,Pro,CA,Yes
U1196,2025-04-04,2025-04-29,Feature A,4,Free,DE,Yes
U1197,2025-04-13,2025-05-12,Feature A,7,Free,CA,Yes
U1198,2025-04-04,2025-04-15,Feature B,3,Pro,US,No
U1199,2025-04-14,2025-05-08,Feature C,4,Pro,US,No
U1200,2025-04-05,2025-04-21,Feature C,4,Free,DE,No
U1201,2025-04-07,2025-04-19,Feature C,0,Free,US,Yes
U1202,2025-04-07,2025-04-26,Feature A,1,Basic,UK,No
U1203,2025-04-13,2025-05-07,Feature B,1,Pro,IN,No
U1204,2025-04-15,2025-04-18,Feature A,7,Free,US,No
U1205,2025-04-11,2025-04-20,Feature A,5,Free,CA,No
U1206,2025-04-13,2025-04-15,Feature C,5,Basic,CA,No
U1207,2025-04-04,2025-04-12,Feature B,8,Pro,CA,Yes
U1208,2025-04-13,2025-04-25,Feature C,3,Free,DE,No
U1209,2025-04-07,2025-04-24,Feature C,5,Basic,UK,No
U1210,2025-04-11,2025-04-25,Feature C,3,Free,UK,No
U1211,2025-04-03,2025-04-06,Feature B,5,Basic,CA,No
U1212,2025-04-06,2025-04-20,Feature C,1,Free,UK,No
U1213,2025-04-12,2025-05-03,Feature C,7,Free,CA,Yes
U1214,2025-04-02,2025-04-03,Feature B,2,Basic,UK,No
U1215,2025-04-10,2025-04-24,Feature B,4,Free,CA,No
U1216,2025-04-13,2025-04-20,Feature A,6,Free,IN,No
U1217,2025-04-14,2025-04-21,Feature C,7,Pro,CA,No
U1218,2025-04-09,2025-04-25,Feature C,9,Free,CA,No
U1219,2025-04-05,2025-04-16,Feature A,4,Free,IN,No
U1220,2025-04-06,2025-04-24,Feature A,1,Pro,IN,No
U1221,2025-04-12,2025-04-21,Feature A,4,Basic,DE,No
U1222,2025-04-12,2025-04-20,Feature A,6,Pro,IN,Yes
U1223,2025-04-12,2025-04-16,Feature B,3,Basic,DE,No
U1224,2025-04-12,2025-04-17,Feature A,4,Pro,UK,Yes
U1225,2025-04-04,2025-04-23,Feature B,2,Pro,UK,Yes
U1226,2025-04-14,2025-05-09,Feature B,6,Basic,DE,Yes
U1227,2025-04-14,2025-04-15,Feature C,8,Basic,UK,No
U1228,2025-04-11,2025-05-07,Feature B,7,Pro,DE,No
U1229,2025-04-10,2025-05-03,Feature C,2,Pro,CA,No
U1230,2025-04-07,2025-05-03,Feature B,6,Basic,DE,Yes
U1231,2025-04-12,2025-04-24,Feature A,9,Basic,CA,No
U1232,2025-04-09,2025-04-14,Feature C,3,Free,US,Yes
U1233,2025-04-07,2025-04-11,Feature B,8,Pro,UK,No
U1234,2025-04-14,2025-05-08,Feature B,7,Basic,CA,Yes
U1235,2025-04-01,2025-04-01,Feature A,6,Free,IN,No
U1236,2025-04-01,2025-04-21,Feature B,10,Free,CA,No
U1237,2025-04-09,2025-04-30,Feature A,5,Pro,CA,No
U1238,2025-04-11,2025-05-01,Feature A,5,Basic,US,No
U1239,2025-04-14,2025-04-19,Feature A,5,Free,US,No
U1240,2025-04-09,2025-04-14,Feature C,5,Basic,DE,Yes
U1241,2025-04-04,2025-04-26,Feature B,4,Pro,CA,No
U1242,2025-04-13,2025-04-28,Feature C,10,Free,CA,No
U1243,2025-04-09,2025-04-12,Feature C,3,Free,UK,No
U1244,2025-04-03,2025-05-02,Feature C,2,Pro,US,No
U1245,2025-04-07,2025-04-17,Feature A,6,Pro,US,Yes
U1246,2025-04-06,2025-05-05,Feature C,4,Basic,DE,No
U1247,2025-04-08,2025-05-07,Feature A,4,Free,UK,No
U1248,2025-04-11,2025-05-10,Feature A,8,Basic,US,No
U1249,2025-04-09,2025-05-02,Feature B,5,Pro,IN,Yes
U1250,2025-04-14,2025-05-06,Feature C,4,Basic,DE,No
U1251,2025-04-05,2025-04-13,Feature A,7,Pro,US,No
U1252,2025-04-01,2025-04-23,Feature A,4,Pro,UK,No
U1253,2025-04-03,2025-04-05,Feature B,2,Basic,CA,Yes
U1254,2025-04-10,2025-04-28,Feature B,2,Free,IN,Yes
U1255,2025-04-12,2025-04-19,Feature C,3,Basic,IN,No
U1256,2025-04-08,2025-04-12,Feature C,3,Free,UK,No
U1257,2025-04-15,2025-04-18,Feature B,8,Free,IN,No
U1258,2025-04-11,2025-05-04,Feature C,6,Pro,DE,No
U1259,2025-04-06,2025-04-11,Feature B,0,Free,DE,No
U1260,2025-04-08,2025-04-09,Feature B,8,Basic,IN,No
U1261,2025-04-09,2025-04-28,Feature C,5,Free,IN,No
U1262,2025-04-04,2025-05-01,Feature A,4,Basic,UK,No
U1263,2025-04-01,2025-04-11,Feature A,5,Basic,CA,No
U1264,2025-04-14,2025-04-17,Feature C,7,Basic,US,Yes
U1265,2025-04-01,2025-04-15,Feature A,6,Free,UK,No
U1266,2025-04-10,2025-04-15,Feature A,3,Basic,CA,No
U1267,2025-04-04,2025-04-25,Feature A,4,Pro,CA,Yes
U1268,2025-04-12,2025-04-28,Feature B,2,Pro,CA,No
U1269,2025-04-14,2025-05-13,Feature C,4,Free,IN,No
U1270,2025-04-07,2025-04-30,Feature A,1,Free,DE,Yes
U1271,2025-04-02,2025-04-07,Feature C,9,Free,IN,No
U1272,2025-04-03,2025-04-21,Feature B,3,Pro,CA,Yes
U1273,2025-04-01,2025-04-30,Feature C,1,Basic,DE,No
U1274,2025-04-05,2025-04-29,Feature B,5,Basic,UK,No
U1275,2025-04-01,2025-04-02,Feature A,4,Basic,IN,Yes
U1276,2025-04-08,2025-04-22,Feature C,6,Free,CA,Yes
U1277,2025-04-01,2025-04-11,Feature A,5,Free,CA,No
U1278,2025-04-11,2025-04-18,Feature B,8,Basic,US,Yes
U1279,2025-04-01,2025-04-26,Feature C,5,Pro,IN,Yes
U1280,2025-04-02,2025-04-20,Feature A,7,Free,CA,No
U1281,2025-04-02,2025-04-14,Feature A,4,Free,DE,No
U1282,2025-04-12,2025-04-23,Feature B,1,Basic,UK,No
U1283,2025-04-06,2025-04-10,Feature A,5,Free,DE,Yes
U1284,2025-04-07,2025-04-12,Feature C,4,Basic,IN,No
U1285,2025-04-05,2025-04-30,Feature C,3,Basic,US,No
U1286,2025-04-01,2025-04-22,Feature A,2,Basic,CA,No
U1287,2025-04-01,2025-04-04,Feature A,12,Basic,UK,Yes
U1288,2025-04-03,2025-04-21,Feature C,5,Free,US,Yes
U1289,2025-04-14,2025-05-03,Feature B,10,Pro,CA,Yes
U1290,2025-04-02,2025-04-02,Feature C,6,Free,US,Yes
U1291,2025-04-05,2025-04-24,Feature C,1,Pro,IN,No
U1292,2025-04-12,2025-04-28,Feature B,6,Basic,IN,Yes
U1293,2025-04-10,2025-04-21,Feature C,2,Free,UK,No
U1294,2025-04-06,2025-04-20,Feature A,4,Free,IN,No
U1295,2025-04-07,2025-04-07,Feature A,5,Basic,UK,No
U1296,2025-04-04,2025-04-29,Feature C,8,Free,UK,No
U1297,2025-04-07,2025-04-20,Feature C,4,Pro,DE,No
U1298,2025-04-11,2025-04-16,Feature C,2,Free,IN,Yes
U1299,2025-04-08,2025-04-12,Feature B,1,Basic,CA,No
U1300,2025-04-11,2025-05-10,Feature A,8,Basic,CA,No
U1301,2025-04-01,2025-04-11,Feature B,8,Pro,IN,No
U1302,2025-04-15,2025-04-18,Feature C,4,Free,DE,No
U1303,2025-04-06,2025-04-18,Feature B,1,Free,UK,No
U1304,2025-04-08,2025-04-18,Feature A,9,Basic,US,No
U1305,2025-04-05,2025-04-07,Feature A,4,Pro,US,Yes
U1306,2025-04-04,2025-04-04,Feature A,2,Basic,US,No
U1307,2025-04-02,2025-04-07,Feature C,4,Pro,IN,No
U1308,2025-04-06,2025-04-23,Feature A,3,Pro,DE,No
U1309,2025-04-06,2025-04-29,Feature B,8,Basic,US,No
U1310,2025-04-11,2025-04-20,Feature A,9,Free,DE,No
U1311,2025-04-15,2025-04-19,Feature A,4,Free,DE,Yes
U1312,2025-04-01,2025-04-23,Feature A,4,Free,CA,No
U1313,2025-04-09,2025-04-18,Feature C,5,Basic,DE,Yes
U1314,2025-04-12,2025-04-23,Feature C,11,Free,UK,No
U1315,2025-04-11,2025-04-12,Feature A,8,Basic,DE,No
U1316,2025-04-06,2025-04-18,Feature B,6,Basic,UK,Yes
U1317,2025-04-13,2025-04-20,Feature A,2,Free,CA,Yes
U1318,2025-04-03,2025-04-04,Feature B,8,Free,US,Yes
U1319,2025-04-04,2025-04-23,Feature B,7,Free,US,No
U1320,2025-04-12,2025-04-12,Feature C,6,Free,US,No
U1321,2025-04-11,2025-04-15,Feature B,5,Free,UK,No
U1322,2025-04-04,2025-04-12,Feature B,3,Pro,DE,No
U1323,2025-04-03,2025-04-19,Feature A,5,Pro,UK,Yes
U1324,2025-04-10,2025-04-18,Feature B,3,Basic,US,Yes
U1325,2025-04-03,2025-04-13,Feature B,3,Free,IN,Yes
U1326,2025-04-15,2025-04-29,Feature C,7,Free,DE,No
U1327,2025-04-03,2025-04-26,Feature B,4,Basic,UK,Yes
U1328,2025-04-04,2025-04-09,Feature B,4,Free,US,No
U1329,2025-04-07,2025-04-29,Feature A,6,Basic,US,No
U1330,2025-04-04,2025-04-06,Feature A,6,Free,US,No
U1331,2025-04-09,2025-05-08,Feature A,3,Pro,DE,No
U1332,2025-04-01,2025-04-17,Feature A,4,Free,US,No
U1333,2025-04-08,2025-04-12,Feature C,6,Basic,US,Yes
U1334,2025-04-07,2025-05-06,Feature A,6,Basic,UK,No
U1335,2025-04-02,2025-04-29,Feature C,6,Pro,UK,Yes
U1336,2025-04-08,2025-04-19,Feature A,6,Free,DE,No
U1337,2025-04-01,2025-04-18,Feature A,3,Pro,US,No
U1338,2025-04-11,2025-04-24,Feature A,5,Free,IN,No
U1339,2025-04-12,2025-05-02,Feature C,2,Basic,UK,No
U1340,2025-04-09,2025-05-02,Feature B,5,Free,US,No
U1341,2025-04-09,2025-04-19,Feature B,3,Free,DE,Yes
U1342,2025-04-02,2025-04-10,Feature B,3,Free,UK,No
U1343,2025-04-07,2025-04-08,Feature A,5,Free,US,No
U1344,2025-04-15,2025-04-26,Feature A,11,Pro,US,Yes
U1345,2025-04-14,2025-04-16,Feature C,7,Basic,CA,No
U1346,2025-04-10,2025-04-12,Feature B,7,Pro,UK,No
U1347,2025-04-03,2025-04-03,Feature B,4,Pro,US,No
U1348,2025-04-07,2025-04-14,Feature B,1,Pro,CA,No
U1349,2025-04-12,2025-05-03,Feature A,4,Free,DE,Yes
U1350,2025-04-10,2025-05-07,Feature A,5,Basic,IN,No
U1351,2025-04-09,2025-05-07,Feature B,4,Basic,DE,Yes
U1352,2025-04-04,2025-04-11,Feature A,4,Pro,DE,No
U1353,2025-04-12,2025-04-22,Feature A,7,Basic,UK,Yes
U1354,2025-04-01,2025-04-09,Feature C,6,Basic,US,No
U1355,2025-04-02,2025-04-06,Feature C,8,Free,DE,No
U1356,2025-04-01,2025-04-14,Feature C,4,Pro,UK,No
U1357,2025-04-14,2025-05-11,Feature B,3,Pro,IN,No
U1358,2025-04-12,2025-05-11,Feature C,0,Basic,UK,No
U1359,2025-04-05,2025-04-07,Feature A,4,Free,IN,No
U1360,2025-04-05,2025-04-25,Feature B,1,Pro,IN,No
U1361,2025-04-11,2025-04-15,Feature A,4,Pro,UK,Yes
U1362,2025-04-07,2025-04-11,Feature B,3,Basic,IN,No
U1363,2025-04-09,2025-04-27,Feature B,5,Free,US,No
U1364,2025-04-09,2025-05-05,Feature B,6,Free,US,No
U1365,2025-04-03,2025-04-16,Feature B,6,Basic,DE,No
U1366,2025-04-03,2025-04-28,Feature C,4,Pro,IN,Yes
U1367,2025-04-03,2025-05-02,Feature A,4,Basic,CA,No
U1368,2025-04-04,2025-04-07,Feature C,5,Basic,IN,No
U1369,2025-04-08,2025-05-02,Feature C,1,Pro,US,No
U1370,2025-04-06,2025-04-18,Feature B,9,Pro,IN,No
U1371,2025-04-08,2025-04-17,Feature A,7,Free,US,Yes
U1372,2025-04-01,2025-04-25,Feature C,5,Basic,IN,No
U1373,2025-04-08,2025-04-25,Feature A,4,Basic,DE,No
U1374,2025-04-04,2025-04-11,Feature B,5,Basic,US,No
U1375,2025-04-11,2025-04-18,Feature C,4,Pro,US,No
U1376,2025-04-01,2025-04-07,Feature B,1,Basic,US,No
U1377,2025-04-08,2025-04-15,Feature C,3,Pro,IN,No
U1378,2025-04-04,2025-04-17,Feature A,7,Basic,US,No
U1379,2025-04-06,2025-04-24,Feature B,6,Basic,DE,No
U1380,2025-04-08,2025-05-06,Feature A,10,Basic,US,No
U1381,2025-04-04,2025-04-09,Feature B,4,Free,CA,No
U1382,2025-04-14,2025-04-14,Feature B,5,Free,UK,No
U1383,2025-04-03,2025-04-25,Feature B,6,Basic,CA,No
U1384,2025-04-14,2025-04-28,Feature A,6,Pro,IN,No
U1385,2025-04-09,2025-04-09,Feature A,8,Free,IN,Yes
U1386,2025-04-03,2025-04-27,Feature C,4,Pro,US,Yes
U1387,2025-04-09,2025-04-25,Feature B,3,Free,DE,No
U1388,2025-04-13,2025-04-13,Feature C,3,Pro,DE,Yes
U1389,2025-04-02,2025-04-16,Feature C,9,Basic,IN,No
U1390,2025-04-14,2025-05-06,Feature B,7,Pro,DE,Yes
U1391,2025-04-02,2025-04-03,Feature C,2,Pro,UK,Yes
U1392,2025-04-02,2025-04-15,Feature B,2,Basic,CA,No
U1393,2025-04-06,2025-04-26,Feature B,4,Basic,DE,Yes
U1394,2025-04-03,2025-04-10,Feature C,6,Pro,UK,Yes
U1395,2025-04-13,2025-04-20,Feature C,9,Free,UK,No
U1396,2025-04-09,2025-04-27,Feature A,11,Basic,US,Yes
U1397,2025-04-04,2025-04-10,Feature B,4,Basic,IN,No
U1398,2025-04-01,2025-04-19,Feature B,7,Pro,IN,No
U1399,2025-04-04,2025-04-09,Feature C,7,Basic,IN,Yes
U1400,2025-04-01,2025-04-06,Feature C,3,Pro,UK,No
U1401,2025-04-14,2025-04-16,Feature C,7,Pro,IN,Yes
U1402,2025-04-05,2025-04-11,Feature A,5,Free,US,Yes
U1403,2025-04-04,2025-04-22,Feature B,2,Pro,IN,Yes
U1404,2025-04-08,2025-04-15,Feature C,9,Basic,DE,No
U1405,2025-04-08,2025-04-17,Feature C,6,Free,UK,No
U1406,2025-04-07,2025-04-26,Feature A,3,Basic,UK,No
U1407,2025-04-03,2025-04-17,Feature A,6,Free,IN,No
U1408,2025-04-01,2025-04-15,Feature A,3,Free,DE,No
U1409,2025-04-01,2025-04-29,Feature C,2,Basic,CA,No
U1410,2025-04-12,2025-04-12,Feature B,8,Basic,DE,Yes
U1411,2025-04-11,2025-04-30,Feature A,4,Basic,CA,No
U1412,2025-04-03,2025-05-02,Feature C,5,Pro,IN,Yes
U1413,2025-04-06,2025-04-12,Feature C,4,Free,DE,No
U1414,2025-04-07,2025-05-03,Feature A,3,Basic,IN,No
U1415,2025-04-06,2025-04-09,Feature B,4,Free,DE,Yes
U1416,2025-04-14,2025-05-12,Feature C,3,Basic,IN,Yes
U1417,2025-04-14,2025-04-19,Feature B,11,Free,DE,Yes
U1418,2025-04-06,2025-04-30,Feature A,6,Free,IN,No
U1419,2025-04-06,2025-04-06,Feature A,5,Basic,CA,No
U1420,2025-04-13,2025-05-11,Feature C,5,Free,IN,No
U1421,2025-04-03,2025-04-07,Feature C,5,Basic,CA,No
U1422,2025-04-06,2025-05-02,Feature C,3,Basic,UK,No
U1423,2025-04-08,2025-04-30,Feature B,6,Basic,UK,No
U1424,2025-04-11,2025-04-11,Feature B,4,Pro,CA,No
U1425,2025-04-11,2025-05-10,Feature B,5,Free,IN,No
U1426,2025-04-02,2025-04-05,Feature C,3,Free,UK,Yes
U1427,2025-04-05,2025-04-26,Feature B,7,Free,DE,No
U1428,2025-04-14,2025-04-15,Feature B,3,Basic,DE,No
U1429,2025-04-01,2025-04-10,Feature C,6,Basic,US,No
U1430,2025-04-12,2025-04-16,Feature B,7,Pro,CA,No
U1431,2025-04-15,2025-05-11,Feature B,1,Basic,UK,No
U1432,2025-04-01,2025-04-10,Feature C,6,Free,IN,No
U1433,2025-04-05,2025-04-05,Feature A,4,Free,IN,No
U1434,2025-04-12,2025-05-03,Feature A,2,Free,US,No
U1435,2025-04-13,2025-04-18,Feature C,2,Pro,UK,No
U1436,2025-04-03,2025-04-15,Feature B,5,Basic,DE,Yes
U1437,2025-04-04,2025-04-18,Feature C,5,Pro,CA,Yes
U1438,2025-04-03,2025-04-06,Feature B,3,Pro,UK,No
U1439,2025-04-01,2025-04-13,Feature C,5,Pro,DE,Yes
U1440,2025-04-01,2025-04-24,Feature A,11,Free,CA,Yes
U1441,2025-04-12,2025-05-01,Feature B,2,Basic,DE,Yes
U1442,2025-04-12,2025-05-05,Feature B,6,Free,DE,No
U1443,2025-04-14,2025-04-28,Feature B,5,Free,DE,No
U1444,2025-04-13,2025-05-11,Feature B,3,Basic,IN,Yes
U1445,2025-04-14,2025-04-21,Feature B,4,Basic,DE,No
U1446,2025-04-05,2025-04-09,Feature A,10,Pro,UK,No
U1447,2025-04-06,2025-05-04,Feature A,1,Free,UK,No
U1448,2025-04-03,2025-04-17,Feature B,8,Pro,CA,No
U1449,2025-04-12,2025-04-15,Feature A,3,Free,US,No
U1450,2025-04-09,2025-04-20,Feature B,5,Free,UK,No
U1451,2025-04-05,2025-04-17,Feature C,4,Basic,US,Yes
U1452,2025-04-08,2025-04-09,Feature A,11,Free,CA,Yes
U1453,2025-04-13,2025-05-09,Feature C,3,Basic,UK,Yes
U1454,2025-04-01,2025-04-19,Feature B,4,Basic,UK,Yes
U1455,2025-04-14,2025-05-02,Feature C,3,Free,CA,No
U1456,2025-04-05,2025-04-08,Feature C,3,Free,US,No
U1457,2025-04-15,2025-04-18,Feature B,8,Pro,IN,No
U1458,2025-04-03,2025-04-28,Feature A,1,Basic,US,No
U1459,2025-04-12,2025-04-22,Feature A,5,Basic,IN,No
U1460,2025-04-01,2025-04-27,Feature A,7,Basic,US,Yes
U1461,2025-04-04,2025-04-08,Feature C,3,Pro,US,No
U1462,2025-04-15,2025-05-04,Feature C,7,Basic,US,Yes
U1463,2025-04-13,2025-04-23,Feature A,5,Basic,IN,No
U1464,2025-04-05,2025-05-04,Feature B,7,Free,DE,No
U1465,2025-04-07,2025-04-16,Feature A,5,Basic,US,No
U1466,2025-04-01,2025-04-08,Feature A,7,Basic,UK,No
U1467,2025-04-03,2025-04-08,Feature B,5,Basic,DE,Yes
U1468,2025-04-02,2025-04-07,Feature C,4,Pro,UK,No
U1469,2025-04-09,2025-04-16,Feature B,5,Pro,DE,Yes
U1470,2025-04-10,2025-05-02,Feature C,11,Free,CA,No
U1471,2025-04-15,2025-04-29,Feature B,7,Basic,DE,Yes
U1472,2025-04-06,2025-05-01,Feature A,6,Pro,IN,No
U1473,2025-04-10,2025-04-23,Feature B,3,Free,UK,No
U1474,2025-04-03,2025-04-13,Feature C,0,Free,UK,No
U1475,2025-04-08,2025-04-19,Feature C,10,Free,IN,No
U1476,2025-04-14,2025-05-09,Feature A,5,Pro,US,No
U1477,2025-04-08,2025-04-20,Feature A,5,Free,DE,No
U1478,2025-04-02,2025-04-09,Feature A,3,Free,CA,No
U1479,2025-04-15,2025-05-14,Feature A,4,Basic,UK,No
U1480,2025-04-06,2025-04-23,Feature C,2,Basic,CA,No
U1481,2025-04-07,2025-05-01,Feature B,2,Free,CA,No
U1482,2025-04-02,2025-04-02,Feature B,7,Basic,US,Yes
U1483,2025-04-15,2025-04-29,Feature C,3,Free,CA,No
U1484,2025-04-11,2025-04-18,Feature B,1,Free,CA,No
U1485,2025-04-10,2025-05-07,Feature A,3,Basic,UK,No
U1486,2025-04-02,2025-04-12,Feature A,7,Free,IN,No
U1487,2025-04-10,2025-04-21,Feature B,5,Basic,US,No
U1488,2025-04-01,2025-04-12,Feature C,5,Free,US,No
U1489,2025-04-08,2025-04-11,Feature A,4,Free,US,Yes
U1490,2025-04-01,2025-04-16,Feature B,5,Basic,CA,No
U1491,2025-04-09,2025-04-12,Feature A,5,Free,IN,No
U1492,2025-04-11,2025-04-15,Feature A,3,Free,IN,No
U1493,2025-04-06,2025-04-29,Feature C,3,Pro,DE,No
U1494,2025-04-07,2025-04-11,Feature A,6,Pro,CA,No
U1495,2025-04-13,2025-04-20,Feature B,6,Basic,DE,Yes
U1496,2025-04-10,2025-04-19,Feature B,4,Pro,UK,No
U1497,2025-04-07,2025-04-23,Feature C,9,Free,DE,No
U1498,2025-04-10,2025-05-07,Feature C,6,Free,DE,Yes
U1499,2025-04-03,2025-04-28,Feature C,5,Free,CA,No
U1500,2025-04-02,2025-04-10,Feature A,5,Basic,IN,No
U1501,2025-04-09,2025-04-30,Feature B,4,Free,IN,No
U1502,2025-04-08,2025-04-26,Feature C,10,Basic,DE,Yes
U1503,2025-04-13,2025-05-11,Feature C,6,Basic,DE,Yes
U1504,2025-04-12,2025-04-25,Feature C,2,Free,CA,Yes
U1505,2025-04-10,2025-04-17,Feature B,4,Pro,IN,No
U1506,2025-04-07,2025-04-15,Feature C,3,Free,DE,No
U1507,2025-04-09,2025-04-30,Feature B,2,Free,US,No
U1508,2025-04-04,2025-04-14,Feature C,5,Basic,UK,No
U1509,2025-04-13,2025-05-05,Feature A,6,Basic,IN,No
U1510,2025-04-04,2025-04-04,Feature B,5,Pro,IN,No
U1511,2025-04-01,2025-04-14,Feature A,10,Pro,US,No
U1512,2025-04-08,2025-04-12,Feature A,5,Pro,UK,No
U1513,2025-04-14,2025-05-04,Feature C,5,Pro,IN,No
U1514,2025-04-14,2025-05-09,Feature A,4,Free,CA,No
U1515,2025-04-12,2025-04-25,Feature B,4,Basic,DE,Yes
U1516,2025-04-03,2025-04-06,Feature A,3,Basic,IN,Yes
U1517,2025-04-07,2025-04-28,Feature A,6,Pro,DE,Yes
U1518,2025-04-15,2025-05-07,Feature B,4,Free,US,No
U1519,2025-04-12,2025-05-06,Feature B,2,Free,DE,No
U1520,2025-04-02,2025-04-02,Feature B,9,Free,CA,Yes
U1521,2025-04-02,2025-04-23,Feature C,5,Basic,UK,No
U1522,2025-04-07,2025-04-29,Feature A,9,Basic,US,No
U1523,2025-04-15,2025-05-03,Feature A,5,Basic,IN,No
U1524,2025-04-06,2025-04-13,Feature A,5,Basic,UK,No
U1525,2025-04-03,2025-04-17,Feature C,1,Basic,DE,No
U1526,2025-04-09,2025-04-29,Feature A,5,Pro,UK,No
U1527,2025-04-10,2025-04-24,Feature B,8,Free,CA,Yes
U1528,2025-04-15,2025-04-23,Feature C,6,Pro,US,No
U1529,2025-04-14,2025-05-04,Feature A,2,Basic,IN,No
U1530,2025-04-13,2025-04-21,Feature A,5,Free,IN,No
U1531,2025-04-06,2025-04-15,Feature B,5,Pro,DE,Yes
U1532,2025-04-10,2025-04-29,Feature C,4,Basic,IN,No
U1533,2025-04-10,2025-05-04,Feature A,6,Pro,UK,No
U1534,2025-04-06,2025-04-26,Feature B,5,Basic,CA,No
U1535,2025-04-01,2025-04-26,Feature A,6,Free,CA,No
U1536,2025-04-04,2025-04-12,Feature B,5,Basic,UK,No
U1537,2025-04-10,2025-04-12,Feature B,4,Basic,IN,Yes
U1538,2025-04-06,2025-04-25,Feature C,7,Basic,CA,Yes
U1539,2025-04-15,2025-05-09,Feature A,5,Free,US,No
U1540,2025-04-06,2025-05-01,Feature C,7,Pro,DE,Yes
U1541,2025-04-11,2025-04-21,Feature B,6,Free,US,Yes
U1542,2025-04-12,2025-04-17,Feature C,4,Free,CA,Yes
U1543,2025-04-05,2025-04-06,Feature A,8,Free,IN,No
U1544,2025-04-01,2025-04-07,Feature A,4,Pro,US,No
U1545,2025-04-08,2025-04-25,Feature A,3,Basic,CA,No
U1546,2025-04-05,2025-05-01,Feature C,5,Free,IN,No
U1547,2025-04-12,2025-04-13,Feature B,10,Pro,IN,Yes
U1548,2025-04-12,2025-05-08,Feature B,6,Basic,CA,Yes
U1549,2025-04-12,2025-04-28,Feature B,4,Free,UK,Yes
U1550,2025-04-05,2025-04-15,Feature A,3,Free,UK,No
U1551,2025-04-07,2025-05-03,Feature C,3,Basic,CA,No
U1552,2025-04-04,2025-04-15,Feature B,5,Pro,US,No
U1553,2025-04-06,2025-05-02,Feature C,2,Basic,DE,Yes
U1554,2025-04-13,2025-05-01,Feature B,6,Pro,US,No
U1555,2025-04-04,2025-04-25,Feature C,2,Free,CA,No
U1556,2025-04-14,2025-05-07,Feature C,5,Pro,CA,Yes
U1557,2025-04-15,2025-05-09,Feature A,2,Pro,CA,No
U1558,2025-04-03,2025-04-09,Feature B,6,Free,US,Yes
U1559,2025-04-07,2025-04-26,Feature A,3,Free,CA,No
U1560,2025-04-08,2025-04-13,Feature B,5,Basic,UK,No
U1561,2025-04-04,2025-04-24,Feature B,2,Free,DE,No
U1562,2025-04-13,2025-05-06,Feature B,6,Free,DE,Yes
U1563,2025-04-02,2025-04-02,Feature A,6,Basic,DE,No
U1564,2025-04-12,2025-04-28,Feature B,7,Free,US,No
U1565,2025-04-10,2025-05-08,Feature C,6,Free,DE,No
U1566,2025-04-14,2025-04-24,Feature C,6,Free,US,No
U1567,2025-04-03,2025-04-24,Feature C,4,Free,CA,No
U1568,2025-04-01,2025-04-26,Feature C,4,Basic,UK,No
U1569,2025-04-08,2025-05-05,Feature A,7,Pro,UK,No
U1570,2025-04-15,2025-05-02,Feature A,5,Free,DE,Yes
U1571,2025-04-03,2025-04-23,Feature B,5,Pro,UK,Yes
U1572,2025-04-12,2025-04-28,Feature A,8,Pro,DE,No
U1573,2025-04-10,2025-04-16,Feature C,4,Pro,IN,No
U1574,2025-04-07,2025-04-23,Feature C,2,Basic,CA,No
U1575,2025-04-10,2025-04-29,Feature C,3,Free,IN,No
U1576,2025-04-05,2025-04-13,Feature A,4,Free,IN,No
U1577,2025-04-10,2025-04-26,Feature B,6,Free,CA,No
U1578,2025-04-05,2025-04-24,Feature B,9,Free,DE,No
U1579,2025-04-14,2025-05-05,Feature C,3,Free,IN,No
U1580,2025-04-07,2025-04-28,Feature B,5,Free,UK,Yes
U1581,2025-04-15,2025-05-12,Feature A,3,Free,CA,No
U1582,2025-04-09,2025-05-07,Feature B,2,Basic,IN,No
U1583,2025-04-12,2025-04-19,Feature C,4,Basic,DE,No
U1584,2025-04-05,2025-04-21,Feature A,9,Pro,CA,Yes
U1585,2025-04-01,2025-04-07,Feature B,4,Basic,CA,No
U1586,2025-04-10,2025-04-10,Feature B,5,Basic,IN,No
U1587,2025-04-10,2025-04-22,Feature C,8,Free,CA,Yes
U1588,2025-04-01,2025-04-30,Feature A,8,Pro,UK,Yes
U1589,2025-04-15,2025-05-07,Feature A,5,Basic,US,No
U1590,2025-04-02,2025-04-20,Feature A,3,Pro,IN,No
U1591,2025-04-14,2025-05-10,Feature B,9,Pro,CA,Yes
U1592,2025-04-06,2025-04-29,Feature B,2,Free,US,Yes
U1593,2025-04-09,2025-04-27,Feature C,8,Free,IN,Yes
U1594,2025-04-08,2025-05-07,Feature B,7,Pro,DE,Yes
U1595,2025-04-13,2025-05-12,Feature B,6,Basic,IN,Yes
U1596,2025-04-05,2025-05-03,Feature C,9,Basic,US,No
U1597,2025-04-01,2025-04-17,Feature C,3,Basic,IN,No
U1598,2025-04-13,2025-04-25,Feature C,6,Free,CA,No
U1599,2025-04-07,2025-05-05,Feature B,7,Basic,DE,No
U1600,2025-04-15,2025-05-14,Feature C,7,Basic,DE,No
U1601,2025-04-05,2025-04-20,Feature A,5,Basic,CA,No
U1602,2025-04-06,2025-04-13,Feature C,5,Basic,CA,No
U1603,2025-04-13,2025-05-01,Feature C,1,Basic,CA,No
U1604,2025-04-07,2025-04-24,Feature A,7,Free,IN,No
U1605,2025-04-03,2025-04-03,Feature A,4,Pro,CA,No
U1606,2025-04-12,2025-04-25,Feature C,7,Free,IN,No
U1607,2025-04-10,2025-04-28,Feature C,5,Pro,CA,No
U1608,2025-04-03,2025-04-17,Feature B,5,Pro,CA,No
U1609,2025-04-05,2025-04-22,Feature A,3,Free,IN,Yes
U1610,2025-04-06,2025-04-07,Feature A,5,Free,UK,Yes
U1611,2025-04-09,2025-04-30,Feature C,5,Free,DE,No
U1612,2025-04-13,2025-05-10,Feature C,4,Basic,US,No
U1613,2025-04-14,2025-04-30,Feature B,3,Basic,CA,No
U1614,2025-04-12,2025-04-29,Feature A,3,Free,CA,No
U1615,2025-04-05,2025-05-04,Feature A,5,Pro,IN,No
U1616,2025-04-15,2025-04-20,Feature B,10,Pro,DE,No
U1617,2025-04-01,2025-04-19,Feature B,2,Basic,IN,No
U1618,2025-04-14,2025-04-17,Feature C,5,Free,CA,Yes
U1619,2025-04-14,2025-04-14,Feature B,3,Basic,DE,No
U1620,2025-04-14,2025-04-21,Feature A,4,Basic,US,No
U1621,2025-04-04,2025-05-02,Feature A,6,Basic,CA,No
U1622,2025-04-05,2025-04-27,Feature A,3,Basic,IN,No
U1623,2025-04-12,2025-04-18,Feature B,4,Free,IN,No
U1624,2025-04-10,2025-04-12,Feature C,4,Basic,DE,No
U1625,2025-04-10,2025-04-19,Feature C,5,Basic,UK,Yes
U1626,2025-04-05,2025-04-14,Feature A,8,Free,CA,No
U1627,2025-04-07,2025-04-25,Feature A,5,Basic,IN,Yes
U1628,2025-04-04,2025-04-17,Feature A,6,Basic,UK,No
U1629,2025-04-01,2025-04-02,Feature A,3,Pro,IN,No
U1630,2025-04-14,2025-05-11,Feature B,4,Free,UK,No
U1631,2025-04-14,2025-04-14,Feature B,5,Basic,UK,No
U1632,2025-04-05,2025-04-27,Feature B,6,Basic,US,No
U1633,2025-04-07,2025-04-29,Feature B,7,Free,UK,No
U1634,2025-04-10,2025-05-07,Feature B,5,Basic,CA,No
U1635,2025-04-10,2025-04-27,Feature C,2,Free,IN,Yes
U1636,2025-04-06,2025-04-12,Feature B,6,Pro,US,No
U1637,2025-04-05,2025-05-03,Feature C,4,Basic,US,No
U1638,2025-04-04,2025-04-11,Feature C,2,Free,US,No
U1639,2025-04-02,2025-04-02,Feature B,4,Pro,US,No
U1640,2025-04-04,2025-04-28,Feature B,2,Basic,UK,No
U1641,2025-04-15,2025-05-07,Feature A,3,Free,DE,No
U1642,2025-04-10,2025-04-12,Feature A,4,Pro,UK,Yes
U1643,2025-04-10,2025-05-03,Feature C,7,Basic,US,No
U1644,2025-04-03,2025-04-25,Feature A,5,Basic,UK,Yes
U1645,2025-04-10,2025-05-06,Feature A,5,Free,CA,Yes
U1646,2025-04-01,2025-04-29,Feature B,7,Basic,UK,No
U1647,2025-04-08,2025-04-15,Feature C,9,Pro,UK,No
U1648,2025-04-05,2025-04-26,Feature A,7,Basic,CA,No
U1649,2025-04-13,2025-05-07,Feature A,6,Free,US,No
U1650,2025-04-04,2025-04-18,Feature B,6,Basic,CA,Yes
U1651,2025-04-08,2025-04-12,Feature C,9,Free,DE,No
U1652,2025-04-07,2025-04-09,Feature C,2,Pro,DE,Yes
U1653,2025-04-02,2025-04-20,Feature C,3,Basic,US,No
U1654,2025-04-01,2025-04-01,Feature C,9,Free,CA,No
U1655,2025-04-12,2025-05-09,Feature C,3,Free,DE,No
U1656,2025-04-11,2025-04-25,Feature A,8,Basic,IN,No
U1657,2025-04-04,2025-04-11,Feature C,5,Free,US,No
U1658,2025-04-08,2025-04-09,Feature A,4,Free,US,Yes
U1659,2025-04-12,2025-04-14,Feature B,9,Free,CA,No
U1660,2025-04-02,2025-04-25,Feature B,2,Basic,UK,No
U1661,2025-04-03,2025-04-16,Feature B,5,Basic,CA,No
U1662,2025-04-12,2025-05-05,Feature C,10,Free,IN,No
U1663,2025-04-01,2025-04-14,Feature A,5,Basic,DE,No
U1664,2025-04-01,2025-04-11,Feature B,4,Basic,UK,No
U1665,2025-04-13,2025-04-28,Feature C,7,Basic,US,No
U1666,2025-04-03,2025-04-06,Feature A,3,Basic,CA,No
U1667,2025-04-11,2025-04-30,Feature C,6,Basic,UK,No
U1668,2025-04-05,2025-04-09,Feature C,3,Basic,UK,Yes
U1669,2025-04-12,2025-05-03,Feature B,3,Basic,CA,No
U1670,2025-04-03,2025-04-23,Feature B,4,Pro,DE,No
U1671,2025-04-01,2025-04-14,Feature C,1,Basic,IN,No
U1672,2025-04-01,2025-04-23,Feature C,2,Basic,UK,Yes
U1673,2025-04-08,2025-04-23,Feature A,4,Free,DE,No
U1674,2025-04-10,2025-04-27,Feature C,5,Free,DE,No
U1675,2025-04-11,2025-04-17,Feature A,8,Basic,UK,No
U1676,2025-04-12,2025-04-21,Feature A,7,Basic,UK,No
U1677,2025-04-13,2025-04-19,Feature C,7,Basic,DE,No
U1678,2025-04-13,2025-04-13,Feature B,2,Basic,DE,No
U1679,2025-04-12,2025-05-04,Feature A,6,Free,UK,No
U1680,2025-04-15,2025-05-05,Feature B,8,Free,DE,Yes
U1681,2025-04-14,2025-05-02,Feature B,6,Pro,IN,Yes
U1682,2025-04-02,2025-04-17,Feature A,4,Basic,CA,Yes
U1683,2025-04-13,2025-05-11,Feature C,4,Basic,US,No
U1684,2025-04-03,2025-04-21,Feature B,4,Basic,IN,No
U1685,2025-04-02,2025-04-05,Feature C,1,Free,UK,No
U1686,2025-04-03,2025-05-01,Feature A,6,Free,CA,No
U1687,2025-04-07,2025-05-04,Feature B,8,Basic,US,No
U1688,2025-04-01,2025-04-18,Feature C,7,Basic,CA,Yes
U1689,2025-04-10,2025-04-11,Feature C,7,Basic,IN,No
U1690,2025-04-08,2025-04-08,Feature B,6,Basic,IN,No
U1691,2025-04-13,2025-04-27,Feature A,6,Free,DE,No
U1692,2025-04-10,2025-04-14,Feature A,4,Basic,US,No
U1693,2025-04-10,2025-04-29,Feature A,3,Basic,CA,Yes
U1694,2025-04-10,2025-04-20,Feature B,6,Free,IN,Yes
U1695,2025-04-14,2025-04-23,Feature A,3,Pro,US,No
U1696,2025-04-02,2025-04-03,Feature B,10,Basic,DE,No
U1697,2025-04-03,2025-04-05,Feature C,5,Basic,DE,No
U1698,2025-04-09,2025-05-01,Feature A,6,Basic,IN,No
U1699,2025-04-07,2025-04-29,Feature A,6,Pro,US,No
U1700,2025-04-04,2025-04-15,Feature B,4,Basic,IN,Yes
U1701,2025-04-10,2025-04-29,Feature B,6,Pro,UK,No
U1702,2025-04-05,2025-04-09,Feature A,5,Basic,IN,Yes
U1703,2025-04-02,2025-04-06,Feature B,3,Basic,IN,No
U1704,2025-04-13,2025-04-18,Feature C,2,Free,UK,No
U1705,2025-04-11,2025-05-10,Feature B,3,Free,IN,No
U1706,2025-04-13,2025-04-21,Feature A,2,Basic,DE,No
U1707,2025-04-08,2025-04-09,Feature B,8,Basic,UK,No
U1708,2025-04-04,2025-04-24,Feature B,7,Pro,DE,No
U1709,2025-04-09,2025-04-20,Feature B,4,Free,US,Yes
U1710,2025-04-05,2025-04-07,Feature A,3,Free,US,No
U1711,2025-04-13,2025-05-02,Feature B,3,Basic,IN,No
U1712,2025-04-09,2025-05-04,Feature A,6,Free,CA,Yes
U1713,2025-04-04,2025-04-25,Feature A,5,Basic,US,No
U1714,2025-04-10,2025-04-21,Feature C,1,Free,IN,No
U1715,2025-04-05,2025-04-28,Feature C,8,Basic,CA,Yes
U1716,2025-04-09,2025-04-25,Feature C,9,Free,DE,Yes
U1717,2025-04-08,2025-04-17,Feature A,4,Free,UK,No
U1718,2025-04-03,2025-05-02,Feature C,7,Free,US,Yes
U1719,2025-04-01,2025-04-24,Feature C,3,Free,UK,Yes
U1720,2025-04-03,2025-04-29,Feature C,7,Basic,DE,Yes
U1721,2025-04-04,2025-04-17,Feature A,5,Free,UK,No
U1722,2025-04-02,2025-04-24,Feature B,6,Basic,UK,Yes
U1723,2025-04-01,2025-04-17,Feature C,8,Free,US,Yes
U1724,2025-04-07,2025-04-24,Feature A,2,Basic,DE,No
U1725,2025-04-08,2025-04-26,Feature B,4,Free,US,Yes
U1726,2025-04-07,2025-04-23,Feature B,9,Pro,UK,No
U1727,2025-04-14,2025-04-27,Feature A,4,Basic,UK,Yes
U1728,2025-04-05,2025-04-13,Feature B,4,Free,US,No
U1729,2025-04-12,2025-04-19,Feature A,3,Basic,CA,No
U1730,2025-04-01,2025-04-02,Feature A,4,Basic,IN,No
U1731,2025-04-07,2025-04-19,Feature B,4,Basic,IN,No
U1732,2025-04-13,2025-05-07,Feature B,6,Free,DE,No
U1733,2025-04-07,2025-04-13,Feature A,7,Pro,UK,Yes
U1734,2025-04-09,2025-04-17,Feature C,3,Free,UK,No
U1735,2025-04-03,2025-04-24,Feature B,6,Free,DE,Yes
U1736,2025-04-09,2025-04-30,Feature A,8,Basic,US,Yes
U1737,2025-04-14,2025-04-24,Feature A,7,Basic,DE,Yes
U1738,2025-04-01,2025-04-14,Feature B,3,Basic,DE,Yes
U1739,2025-04-01,2025-04-04,Feature C,4,Basic,DE,No
U1740,2025-04-14,2025-05-09,Feature A,6,Free,IN,Yes
U1741,2025-04-04,2025-04-29,Feature C,8,Free,DE,No
U1742,2025-04-09,2025-05-07,Feature A,3,Free,DE,No
U1743,2025-04-06,2025-04-18,Feature A,4,Free,DE,No
U1744,2025-04-13,2025-04-14,Feature B,3,Free,CA,No
U1745,2025-04-11,2025-05-03,Feature C,8,Free,DE,No
U1746,2025-04-03,2025-04-07,Feature A,1,Free,UK,Yes
U1747,2025-04-01,2025-04-11,Feature B,3,Free,IN,No
U1748,2025-04-04,2025-04-09,Feature B,7,Free,IN,Yes
U1749,2025-04-12,2025-04-29,Feature A,5,Basic,DE,No
U1750,2025-04-13,2025-05-03,Feature B,9,Free,UK,No
U1751,2025-04-09,2025-04-18,Feature C,5,Free,CA,No
U1752,2025-04-03,2025-04-06,Feature A,4,Basic,IN,No
U1753,2025-04-12,2025-04-20,Feature C,5,Pro,CA,No
U1754,2025-04-09,2025-04-14,Feature C,7,Pro,US,No
U1755,2025-04-07,2025-04-08,Feature C,3,Pro,IN,Yes
U1756,2025-04-12,2025-04-28,Feature B,6,Pro,UK,No
U1757,2025-04-14,2025-04-18,Feature B,7,Pro,CA,Yes
U1758,2025-04-15,2025-05-09,Feature C,4,Pro,DE,Yes
U1759,2025-04-04,2025-04-09,Feature A,4,Pro,US,No
U1760,2025-04-03,2025-04-28,Feature B,4,Pro,UK,Yes
U1761,2025-04-10,2025-04-21,Feature A,3,Free,UK,No
U1762,2025-04-15,2025-05-07,Feature C,4,Free,IN,Yes
U1763,2025-04-05,2025-04-25,Feature A,2,Basic,CA,Yes
U1764,2025-04-05,2025-04-14,Feature A,7,Pro,UK,No
U1765,2025-04-03,2025-04-24,Feature C,6,Free,UK,No
U1766,2025-04-12,2025-05-02,Feature A,7,Pro,CA,Yes
U1767,2025-04-09,2025-05-05,Feature C,5,Basic,DE,No
U1768,2025-04-04,2025-04-28,Feature C,4,Basic,CA,Yes
U1769,2025-04-11,2025-04-16,Feature B,5,Free,CA,No
U1770,2025-04-05,2025-05-01,Feature C,4,Basic,US,Yes
U1771,2025-04-04,2025-04-11,Feature C,7,Basic,CA,No
U1772,2025-04-05,2025-04-06,Feature A,5,Basic,UK,No
U1773,2025-04-07,2025-04-18,Feature B,6,Pro,DE,No
U1774,2025-04-09,2025-04-21,Feature A,5,Basic,DE,Yes
U1775,2025-04-07,2025-05-01,Feature A,2,Pro,DE,Yes
U1776,2025-04-13,2025-05-03,Feature C,4,Basic,DE,Yes
U1777,2025-04-05,2025-04-11,Feature C,4,Free,US,No
U1778,2025-04-10,2025-04-19,Feature C,6,Pro,DE,No
U1779,2025-04-10,2025-04-22,Feature A,11,Free,US,No
U1780,2025-04-07,2025-04-23,Feature A,6,Free,IN,Yes
U1781,2025-04-14,2025-05-09,Feature C,8,Basic,CA,No
U1782,2025-04-15,2025-05-05,Feature C,5,Pro,UK,No
U1783,2025-04-10,2025-05-07,Feature B,3,Basic,US,No
U1784,2025-04-05,2025-05-04,Feature B,5,Free,US,No
U1785,2025-04-03,2025-04-28,Feature B,1,Basic,CA,No
U1786,2025-04-07,2025-04-20,Feature C,8,Free,UK,No
U1787,2025-04-13,2025-04-14,Feature C,6,Pro,IN,No
U1788,2025-04-11,2025-05-08,Feature B,4,Free,UK,Yes
U1789,2025-04-11,2025-05-02,Feature A,7,Basic,UK,No
U1790,2025-04-02,2025-04-12,Feature A,1,Basic,DE,No
U1791,2025-04-15,2025-04-15,Feature A,7,Free,CA,No
U1792,2025-04-12,2025-04-30,Feature A,3,Basic,US,No
U1793,2025-04-09,2025-04-29,Feature C,9,Free,CA,Yes
U1794,2025-04-10,2025-04-13,Feature B,4,Basic,IN,No
U1795,2025-04-10,2025-04-28,Feature C,2,Free,UK,Yes
U1796,2025-04-12,2025-05-07,Feature B,4,Free,UK,No
U1797,2025-04-01,2025-04-29,Feature B,6,Free,DE,No
U1798,2025-04-13,2025-05-03,Feature B,2,Pro,IN,No
U1799,2025-04-06,2025-04-16,Feature B,1,Free,IN,No
U1800,2025-04-07,2025-04-14,Feature A,7,Basic,US,No
U1801,2025-04-14,2025-04-24,Feature A,7,Free,IN,Yes
U1802,2025-04-13,2025-04-16,Feature C,6,Pro,CA,Yes
U1803,2025-04-08,2025-04-24,Feature B,8,Free,CA,No
U1804,2025-04-10,2025-05-06,Feature B,7,Basic,CA,No
U1805,2025-04-09,2025-04-15,Feature C,5,Pro,UK,Yes
U1806,2025-04-02,2025-04-09,Feature B,6,Basic,IN,No
U1807,2025-04-11,2025-04-13,Feature A,6,Free,US,No
U1808,2025-04-10,2025-05-01,Feature B,7,Pro,IN,No
U1809,2025-04-02,2025-04-03,Feature B,6,Basic,US,No
U1810,2025-04-05,2025-04-27,Feature A,3,Basic,CA,No
U1811,2025-04-13,2025-04-27,Feature C,3,Free,DE,No
U1812,2025-04-05,2025-04-28,Feature C,1,Pro,UK,Yes
U1813,2025-04-06,2025-04-27,Feature A,5,Pro,UK,No
U1814,2025-04-03,2025-04-24,Feature C,3,Free,DE,No
U1815,2025-04-08,2025-04-12,Feature B,9,Basic,DE,No
U1816,2025-04-13,2025-05-06,Feature C,8,Basic,UK,Yes
U1817,2025-04-01,2025-04-01,Feature B,4,Pro,IN,No
U1818,2025-04-06,2025-05-01,Feature B,2,Free,US,No
U1819,2025-04-04,2025-04-07,Feature A,3,Free,CA,No
U1820,2025-04-01,2025-04-15,Feature C,2,Basic,DE,No
U1821,2025-04-15,2025-05-04,Feature B,4,Basic,DE,No
U1822,2025-04-07,2025-04-25,Feature C,4,Basic,UK,Yes
U1823,2025-04-09,2025-04-11,Feature C,5,Basic,IN,Yes
U1824,2025-04-13,2025-05-02,Feature B,8,Pro,CA,Yes
U1825,2025-04-04,2025-04-14,Feature B,6,Free,CA,Yes
U1826,2025-04-04,2025-04-20,Feature B,3,Pro,US,No
U1827,2025-04-06,2025-05-05,Feature B,5,Basic,DE,No
U1828,2025-04-12,2025-05-08,Feature B,6,Basic,UK,Yes
U1829,2025-04-15,2025-04-27,Feature A,3,Free,US,Yes
U1830,2025-04-03,2025-04-13,Feature A,8,Basic,DE,Yes
U1831,2025-04-13,2025-04-14,Feature C,8,Free,DE,No
U1832,2025-04-12,2025-04-20,Feature A,5,Basic,DE,Yes
U1833,2025-04-06,2025-05-01,Feature C,4,Pro,IN,No
U1834,2025-04-07,2025-04-08,Feature A,2,Basic,UK,No
U1835,2025-04-11,2025-05-01,Feature B,6,Basic,IN,Yes
U1836,2025-04-10,2025-04-18,Feature C,5,Free,UK,No
U1837,2025-04-10,2025-04-18,Feature B,6,Basic,CA,No
U1838,2025-04-03,2025-04-10,Feature A,7,Free,DE,Yes
U1839,2025-04-07,2025-04-23,Feature B,3,Pro,IN,No
U1840,2025-04-14,2025-04-14,Feature B,9,Free,US,No
U1841,2025-04-03,2025-04-27,Feature B,2,Free,IN,No
U1842,2025-04-13,2025-05-11,Feature B,0,Pro,DE,No
U1843,2025-04-13,2025-04-23,Feature C,6,Free,IN,No
U1844,2025-04-02,2025-04-09,Feature A,4,Free,DE,No
U1845,2025-04-12,2025-04-21,Feature A,6,Free,CA,No
U1846,2025-04-14,2025-05-08,Feature A,4,Free,UK,No
U1847,2025-04-10,2025-04-16,Feature B,5,Basic,CA,Yes
U1848,2025-04-04,2025-04-06,Feature C,2,Pro,IN,No
U1849,2025-04-12,2025-04-14,Feature B,5,Pro,IN,No
U1850,2025-04-08,2025-04-25,Feature A,4,Basic,CA,No
U1851,2025-04-13,2025-04-17,Feature B,3,Basic,CA,No
U1852,2025-04-15,2025-04-26,Feature C,5,Free,US,Yes
U1853,2025-04-09,2025-04-20,Feature A,3,Pro,DE,No
U1854,2025-04-07,2025-04-25,Feature C,3,Free,DE,Yes
U1855,2025-04-01,2025-04-30,Feature C,4,Pro,US,No
U1856,2025-04-03,2025-04-08,Feature B,8,Free,IN,No
U1857,2025-04-13,2025-04-14,Feature B,5,Free,US,No
U1858,2025-04-12,2025-04-23,Feature A,4,Pro,US,No
U1859,2025-04-14,2025-05-02,Feature B,4,Basic,IN,No
U1860,2025-04-09,2025-04-13,Feature B,4,Basic,US,No
U1861,2025-04-15,2025-04-26,Feature A,4,Basic,US,Yes
U1862,2025-04-12,2025-05-08,Feature B,7,Pro,IN,No
U1863,2025-04-01,2025-04-27,Feature A,8,Free,UK,Yes
U1864,2025-04-09,2025-04-25,Feature C,7,Free,UK,No
U1865,2025-04-08,2025-05-06,Feature C,3,Basic,CA,No
U1866,2025-04-01,2025-04-17,Feature A,6,Pro,UK,Yes
U1867,2025-04-06,2025-04-15,Feature C,6,Basic,CA,No
U1868,2025-04-05,2025-04-29,Feature A,4,Free,US,No
U1869,2025-04-06,2025-04-28,Feature C,6,Free,CA,No
U1870,2025-04-10,2025-04-26,Feature A,9,Pro,CA,Yes
U1871,2025-04-12,2025-04-26,Feature A,6,Basic,DE,No
U1872,2025-04-13,2025-04-24,Feature A,4,Free,IN,No
U1873,2025-04-13,2025-05-12,Feature B,6,Basic,CA,No
U1874,2025-04-13,2025-04-28,Feature A,7,Free,UK,Yes
U1875,2025-04-15,2025-05-08,Feature C,4,Basic,CA,Yes
U1876,2025-04-05,2025-04-23,Feature B,3,Basic,UK,Yes
U1877,2025-04-06,2025-04-13,Feature C,4,Free,DE,No
U1878,2025-04-05,2025-04-25,Feature C,5,Free,DE,No
U1879,2025-04-11,2025-04-27,Feature B,3,Pro,UK,Yes
U1880,2025-04-12,2025-05-04,Feature C,5,Free,UK,No
U1881,2025-04-05,2025-04-09,Feature B,3,Basic,UK,Yes
U1882,2025-04-04,2025-04-25,Feature A,5,Free,IN,No
U1883,2025-04-03,2025-04-18,Feature B,5,Free,CA,No
U1884,2025-04-03,2025-04-08,Feature B,5,Basic,IN,No
U1885,2025-04-04,2025-04-11,Feature B,6,Pro,UK,No
U1886,2025-04-09,2025-05-03,Feature C,6,Free,CA,Yes
U1887,2025-04-02,2025-04-19,Feature A,6,Pro,CA,No
U1888,2025-04-15,2025-05-09,Feature C,5,Basic,CA,Yes
U1889,2025-04-09,2025-04-20,Feature C,7,Basic,CA,No
U1890,2025-04-01,2025-04-15,Feature B,3,Free,DE,No
U1891,2025-04-14,2025-05-10,Feature A,5,Free,DE,No
U1892,2025-04-15,2025-05-10,Feature B,7,Pro,US,No
U1893,2025-04-15,2025-04-23,Feature A,2,Pro,DE,No
U1894,2025-04-01,2025-04-13,Feature A,8,Basic,CA,No
U1895,2025-04-05,2025-04-30,Feature A,4,Free,CA,No
U1896,2025-04-06,2025-04-20,Feature C,2,Pro,DE,No
U1897,2025-04-06,2025-04-15,Feature C,5,Free,US,Yes
U1898,2025-04-03,2025-04-18,Feature C,5,Basic,CA,No
U1899,2025-04-07,2025-04-13,Feature A,4,Free,US,Yes
U1900,2025-04-09,2025-04-25,Feature C,6,Free,CA,No
U1901,2025-04-11,2025-05-03,Feature B,8,Basic,US,No
U1902,2025-04-12,2025-05-07,Feature B,4,Pro,CA,No
U1903,2025-04-10,2025-04-30,Feature A,3,Free,IN,No
U1904,2025-04-08,2025-04-29,Feature A,6,Pro,US,No
U1905,2025-04-06,2025-05-01,Feature A,4,Free,DE,No
U1906,2025-04-12,2025-04-18,Feature B,2,Free,DE,Yes
U1907,2025-04-08,2025-04-21,Feature C,3,Basic,UK,No
U1908,2025-04-12,2025-04-26,Feature C,1,Basic,UK,No
U1909,2025-04-05,2025-04-25,Feature C,9,Free,UK,No
U1910,2025-04-08,2025-04-14,Feature C,5,Pro,IN,No
U1911,2025-04-10,2025-04-18,Feature B,3,Free,UK,No
U1912,2025-04-12,2025-04-30,Feature B,4,Basic,UK,Yes
U1913,2025-04-04,2025-04-19,Feature C,3,Free,IN,Yes
U1914,2025-04-10,2025-04-17,Feature C,4,Pro,IN,Yes
U1915,2025-04-08,2025-04-25,Feature A,6,Basic,CA,Yes
U1916,2025-04-10,2025-05-06,Feature B,4,Free,US,Yes
U1917,2025-04-12,2025-05-04,Feature A,2,Free,DE,Yes
U1918,2025-04-02,2025-04-30,Feature C,6,Pro,IN,No
U1919,2025-04-12,2025-04-29,Feature C,3,Free,US,Yes
U1920,2025-04-12,2025-05-11,Feature A,6,Free,US,No
U1921,2025-04-05,2025-04-24,Feature A,2,Free,CA,No
U1922,2025-04-09,2025-04-15,Feature B,8,Basic,US,Yes
U1923,2025-04-04,2025-04-06,Feature A,3,Basic,US,No
U1924,2025-04-11,2025-04-28,Feature C,6,Free,IN,No
U1925,2025-04-06,2025-05-02,Feature B,4,Basic,IN,No
U1926,2025-04-15,2025-04-24,Feature B,5,Free,DE,Yes
U1927,2025-04-01,2025-04-07,Feature B,6,Basic,UK,No
U1928,2025-04-09,2025-04-25,Feature C,1,Pro,IN,No
U1929,2025-04-01,2025-04-14,Feature A,5,Free,CA,No
U1930,2025-04-05,2025-04-28,Feature B,7,Basic,US,No
U1931,2025-04-04,2025-04-06,Feature A,6,Pro,IN,Yes
U1932,2025-04-13,2025-04-24,Feature B,6,Basic,UK,No
U1933,2025-04-12,2025-05-09,Feature A,7,Basic,IN,No
U1934,2025-04-13,2025-04-25,Feature A,4,Basic,IN,No
U1935,2025-04-13,2025-04-14,Feature A,3,Free,US,No
U1936,2025-04-14,2025-04-16,Feature C,8,Basic,UK,Yes
U1937,2025-04-03,2025-04-07,Feature C,4,Free,IN,Yes
U1938,2025-04-13,2025-04-23,Feature B,5,Basic,CA,No
U1939,2025-04-06,2025-04-13,Feature C,5,Basic,UK,No
U1940,2025-04-02,2025-04-27,Feature B,3,Free,IN,No
U1941,2025-04-03,2025-04-25,Feature B,9,Free,CA,No
U1942,2025-04-05,2025-04-27,Feature B,8,Basic,UK,No
U1943,2025-04-15,2025-04-26,Feature B,6,Basic,IN,No
U1944,2025-04-09,2025-04-15,Feature A,3,Basic,US,Yes
U1945,2025-04-02,2025-04-16,Feature B,5,Basic,CA,No
U1946,2025-04-10,2025-05-03,Feature A,5,Free,IN,No
U1947,2025-04-08,2025-04-24,Feature B,5,Free,CA,No
U1948,2025-04-14,2025-04-17,Feature C,3,Basic,DE,Yes
U1949,2025-04-02,2025-04-30,Feature C,7,Free,CA,No
U1950,2025-04-11,2025-05-02,Feature A,3,Free,DE,No
U1951,2025-04-13,2025-05-07,Feature C,0,Free,CA,Yes
U1952,2025-04-05,2025-04-17,Feature C,6,Basic,DE,No
U1953,2025-04-07,2025-04-24,Feature C,6,Pro,DE,No
U1954,2025-04-08,2025-04-08,Feature B,4,Free,CA,No
U1955,2025-04-01,2025-04-16,Feature C,5,Pro,IN,No
U1956,2025-04-06,2025-04-18,Feature C,9,Free,CA,Yes
U1957,2025-04-01,2025-04-10,Feature B,5,Basic,IN,No
U1958,2025-04-02,2025-04-13,Feature A,4,Pro,DE,No
U1959,2025-04-15,2025-05-14,Feature C,3,Pro,UK,Yes
U1960,2025-04-01,2025-04-02,Feature A,6,Free,DE,Yes
U1961,2025-04-11,2025-05-03,Feature C,2,Basic,US,Yes
U1962,2025-04-05,2025-04-07,Feature C,6,Free,DE,Yes
U1963,2025-04-10,2025-04-19,Feature B,6,Free,US,No
U1964,2025-04-15,2025-04-16,Feature C,6,Basic,UK,Yes
U1965,2025-04-09,2025-05-08,Feature C,5,Basic,US,No
U1966,2025-04-06,2025-05-02,Feature B,3,Free,IN,No
U1967,2025-04-11,2025-05-03,Feature C,4,Free,US,No
U1968,2025-04-11,2025-04-23,Feature A,4,Free,IN,No
U1969,2025-04-01,2025-04-13,Feature A,5,Basic,IN,No
U1970,2025-04-13,2025-04-30,Feature A,4,Pro,IN,No
U1971,2025-04-01,2025-04-03,Feature A,4,Pro,CA,No
U1972,2025-04-02,2025-04-28,Feature B,5,Free,IN,Yes
U1973,2025-04-09,2025-04-15,Feature B,5,Basic,US,No
U1974,2025-04-03,2025-04-16,Feature B,5,Basic,UK,No
U1975,2025-04-15,2025-05-04,Feature A,7,Basic,CA,No
U1976,2025-04-01,2025-04-29,Feature B,3,Basic,UK,Yes
U1977,2025-04-05,2025-05-04,Feature C,2,Basic,IN,No
U1978,2025-04-07,2025-04-23,Feature A,4,Free,DE,No
U1979,2025-04-06,2025-05-04,Feature A,4,Basic,DE,No
U1980,2025-04-12,2025-05-11,Feature C,6,Basic,UK,No
U1981,2025-04-01,2025-04-21,Feature A,3,Free,DE,No
U1982,2025-04-05,2025-04-16,Feature C,5,Free,US,No
U1983,2025-04-15,2025-05-09,Feature A,5,Free,IN,No
U1984,2025-04-05,2025-04-20,Feature A,5,Free,DE,No
U1985,2025-04-06,2025-04-29,Feature A,5,Basic,IN,No
U1986,2025-04-03,2025-04-14,Feature A,3,Basic,IN,No
U1987,2025-04-05,2025-04-19,Feature B,10,Free,US,No
U1988,2025-04-07,2025-05-01,Feature C,5,Basic,IN,No
U1989,2025-04-05,2025-04-14,Feature A,4,Pro,IN,No
U1990,2025-04-05,2025-05-04,Feature C,4,Basic,CA,Yes
U1991,2025-04-05,2025-04-29,Feature B,7,Basic,DE,Yes
U1992,2025-04-10,2025-04-16,Feature B,3,Pro,IN,Yes
U1993,2025-04-10,2025-04-29,Feature A,6,Free,IN,Yes
U1994,2025-04-03,2025-04-07,Feature C,2,Pro,DE,No
U1995,2025-04-01,2025-04-01,Feature C,4,Basic,US,Yes
U1996,2025-04-05,2025-05-04,Feature C,4,Basic,IN,Yes
U1997,2025-04-14,2025-04-30,Feature C,4,Basic,IN,Yes
U1998,2025-04-09,2025-04-11,Feature C,8,Free,DE,No
U1999,2025-04-14,2025-04-26,Feature A,5,Free,UK,No
